source,route_name,uri,controller,action,csv_menu_key,resolved_layer,resolved_menu_key,content_exists,csv_match,module
csv,admin.banks.index,admin/banks,BankController,index,master-data.banks,1,master-data.banks,yes,yes,master-data
csv,admin.banks.audit,admin/banks/audit,BankController,audit,master-data.banks-audit,1,master-data.banks-audit,yes,yes,master-data
csv,admin.banks.print,admin/banks/print,BankController,print,master-data.banks-print,1,master-data.banks-print,yes,yes,master-data
csv,admin.branches.index,admin/branches,BranchController,index,master-data.branches,1,master-data.branches,yes,yes,master-data
csv,admin.branches.audit,admin/branches/audit,BranchController,audit,master-data.branches-audit,1,master-data.branches-audit,yes,yes,master-data
csv,admin.branches.print,admin/branches/print,BranchController,print,master-data.branches-print,1,master-data.branches-print,yes,yes,master-data
csv,admin.customers.index,admin/customers,CustomerController,index,master-data.customers,1,master-data.customers,yes,yes,master-data
csv,admin.customers.audit,admin/customers/audit,CustomerController,audit,master-data.customers-audit,1,master-data.customers-audit,yes,yes,master-data
csv,admin.customers.print,admin/customers/print,CustomerController,print,master-data.customers-print,1,master-data.customers-print,yes,yes,master-data
csv,admin.employees.index,admin/employees,EmployeeController,index,master-data.employees,1,master-data.employees,yes,yes,master-data
csv,admin.employees.account,admin/employees/{employee}/account,EmployeeController,account,master-data.employees-account,1,master-data.employees-account,yes,yes,master-data
csv,admin.employees.audit,admin/employees/audit,EmployeeController,audit,master-data.employees-audit,1,master-data.employees-audit,yes,yes,master-data
csv,admin.employees.print,admin/employees/print,EmployeeController,print,master-data.employees-print,1,master-data.employees-print,yes,yes,master-data
csv,admin.ledgers.index,admin/ledgers,LedgerController,index,master-data.ledgers,1,master-data.ledgers,yes,yes,master-data
csv,admin.ledgers.audit,admin/ledgers/audit,LedgerController,audit,master-data.ledgers-audit,1,master-data.ledgers-audit,yes,yes,master-data
csv,admin.ledgers.print,admin/ledgers/print,LedgerController,print,master-data.ledgers-print,1,master-data.ledgers-print,yes,yes,master-data
csv,admin.product-categories.index,admin/product-categories,ProductCategoryController,index,master-data.product-categories,1,master-data.product-categories,yes,yes,master-data
csv,admin.product-categories.audit,admin/product-categories/audit,ProductCategoryController,audit,master-data.product-categories-audit,1,master-data.product-categories-audit,yes,yes,master-data
csv,admin.product-groups.index,admin/product-groups,ProductGroupController,index,master-data.product-groups,1,master-data.product-groups,yes,yes,master-data
csv,admin.product-groups.audit,admin/product-groups/audit,ProductGroupController,audit,master-data.product-groups-audit,1,master-data.product-groups-audit,yes,yes,master-data
csv,admin.products.index,admin/products,ProductController,index,master-data.products,1,master-data.products,yes,yes,master-data
csv,admin.products.audit,admin/products/audit,ProductController,audit,master-data.products-audit,1,master-data.products-audit,yes,yes,master-data
csv,admin.products.priceHistory,admin/products/{product}/price-history,ProductController,priceHistory,master-data.products-price-history,1,master-data.products-price-history,yes,yes,master-data
csv,admin.products.print,admin/products/print,ProductController,print,master-data.products-print,1,master-data.products-print,yes,yes,master-data
csv,admin.suppliers.index,admin/suppliers,SupplierController,index,master-data.suppliers,1,master-data.suppliers,yes,yes,master-data
csv,admin.suppliers.audit,admin/suppliers/audit,SupplierController,audit,master-data.suppliers-audit,1,master-data.suppliers-audit,yes,yes,master-data
csv,admin.suppliers.print,admin/suppliers/print,SupplierController,print,master-data.suppliers-print,1,master-data.suppliers-print,yes,yes,master-data
csv,admin.warehouses.index,admin/warehouses,WarehouseController,index,master-data.warehouses,1,master-data.warehouses,yes,yes,master-data
csv,admin.warehouses.audit,admin/warehouses/audit,WarehouseController,audit,master-data.warehouses-audit,1,master-data.warehouses-audit,yes,yes,master-data
csv,admin.warehouses.print,admin/warehouses/print,WarehouseController,print,master-data.warehouses-print,1,master-data.warehouses-print,yes,yes,master-data
csv,admin.damages.index,admin/damages,DamageController,index,inventory.damages,1,inventory.damages,yes,yes,inventory
csv,admin.damages.attachments.download,admin/damages/{id}/attachments/{attachmentId}/download,DamageController,downloadAttachment,inventory.damages-download-attachment,1,inventory.damages-download-attachment,yes,yes,inventory
csv,admin.damages.print,admin/damages/{id}/print,DamageController,print,inventory.damages-print,1,inventory.damages-print,yes,yes,inventory
csv,admin.damages.show,admin/damages/{id},DamageController,show,inventory.damages-show,1,inventory.damages-show,yes,yes,inventory
csv,admin.damages.attachments.view,admin/damages/{id}/attachments/{attachmentId}/view,DamageController,viewAttachment,inventory.damages-view-attachment,1,inventory.damages-view-attachment,yes,yes,inventory
csv,admin.stock-adjustments.index,admin/stock-adjustments,StockAdjustmentController,index,inventory.stock-adjustments,1,inventory.stock-adjustments,yes,yes,inventory
csv,admin.stock-adjustments.audit,admin/stock-adjustments/audit,StockAdjustmentController,audit,inventory.stock-adjustments-audit,1,inventory.stock-adjustments-audit,yes,yes,inventory
csv,admin.stock-adjustments.checklist,admin/stock-adjustments/checklist,StockAdjustmentController,checklist,inventory.stock-adjustments-checklist,1,inventory.stock-adjustments-checklist,yes,yes,inventory
csv,admin.stock-adjustments.print,admin/stock-adjustments/{id}/print,StockAdjustmentController,print,inventory.stock-adjustments-print,1,inventory.stock-adjustments-print,yes,yes,inventory
csv,admin.stock-adjustments.reconcile,admin/stock-adjustments/reconcile,StockAdjustmentController,reconcile,inventory.stock-adjustments-reconcile,1,inventory.stock-adjustments-reconcile,yes,yes,inventory
csv,admin.stock-adjustments.show,admin/stock-adjustments/{id},StockAdjustmentController,show,inventory.stock-adjustments-show,1,inventory.stock-adjustments-show,yes,yes,inventory
csv,admin.stock-take.index,admin/stock-take,StockTakeController,index,inventory.stock-take,1,inventory.stock-take,yes,yes,inventory
csv,admin.stock-take.abc-report,admin/stock-take/abc-report,StockTakeController,abcReport,inventory.stock-take-abc-report,1,inventory.stock-take-abc-report,yes,yes,inventory
csv,admin.stock-take.audit,admin/stock-take/audit,StockTakeController,audit,inventory.stock-take-audit,1,inventory.stock-take-audit,yes,yes,inventory
csv,admin.stock-take.checklist,admin/stock-take/checklist,StockTakeController,checklist,inventory.stock-take-checklist,1,inventory.stock-take-checklist,yes,yes,inventory
csv,admin.stock-take.count,admin/stock-take/{session}/warehouses/{warehouse}/count,StockTakeController,count,inventory.stock-take-count,1,inventory.stock-take-count,yes,yes,inventory
csv,admin.stock-take.health-summary,admin/stock-take/health-summary,StockTakeController,healthSummary,inventory.stock-take-health-summary,1,inventory.stock-take-health-summary,yes,yes,inventory
csv,admin.stock-take.setup,admin/stock-take/{session}/warehouses/{warehouse}/setup,StockTakeController,setupCounts,inventory.stock-take-setup,1,inventory.stock-take-setup,yes,yes,inventory
csv,admin.stock.transactions,admin/stock/transactions,StockTransactionController,index,inventory.stock-transactions,1,inventory.stock-transactions,yes,yes,inventory
csv,admin.stock.drift,admin/stock/drift,StockTransactionController,drift,inventory.stock-transactions-drift,1,inventory.stock-transactions-drift,yes,yes,inventory
csv,admin.stock.show,admin/stock/transactions/{id},StockTransactionController,show,inventory.stock-transactions-show,1,inventory.stock-transactions-show,yes,yes,inventory
csv,admin.stock.warehouse_stock,admin/stock/warehouse-stock,StockTransactionController,warehouseStock,inventory.stock-transactions-warehouse-stock,1,inventory.stock-transactions-warehouse-stock,yes,yes,inventory
csv,admin.warehouse-transfers.index,admin/warehouse-transfers,WarehouseTransferController,index,inventory.warehouse-transfers,1,inventory.warehouse-transfers,yes,yes,inventory
csv,admin.warehouse-transfers.audit,admin/warehouse-transfers/{id}/audit,WarehouseTransferController,audit,inventory.warehouse-transfers-audit,1,inventory.warehouse-transfers-audit,yes,yes,inventory
csv,admin.warehouse-transfers.checklist,admin/warehouse-transfers/checklist,WarehouseTransferController,checklist,inventory.warehouse-transfers-checklist,1,inventory.warehouse-transfers-checklist,yes,yes,inventory
csv,admin.warehouse-transfers.print,admin/warehouse-transfers/{id}/print,WarehouseTransferController,print,inventory.warehouse-transfers-print,1,inventory.warehouse-transfers-print,yes,yes,inventory
csv,admin.warehouse-transfers.reconcile,admin/warehouse-transfers/reconcile,WarehouseTransferController,reconcile,inventory.warehouse-transfers-reconcile,1,inventory.warehouse-transfers-reconcile,yes,yes,inventory
csv,admin.warehouse-transfers.summary,admin/warehouse-transfers/summary,WarehouseTransferController,summary,inventory.warehouse-transfers-summary,1,inventory.warehouse-transfers-summary,yes,yes,inventory
csv,admin.purchase-audit.checklist,admin/purchase-audit,PurchaseAuditController,checklist,purchasing.purchase-audit,1,purchasing.purchase-audit,yes,yes,purchasing
csv,admin.purchase-orders.index,admin/purchase-orders,PurchaseOrderController,index,purchasing.purchase-orders,1,purchasing.purchase-orders,yes,yes,purchasing
csv,admin.purchase-orders.audit,admin/purchase-orders/audit,PurchaseOrderController,audit,purchasing.purchase-orders-audit,1,purchasing.purchase-orders-audit,yes,yes,purchasing
csv,admin.purchase-receives.index,admin/purchase-receives,PurchaseReceiveController,index,purchasing.purchase-receives,1,purchasing.purchase-receives,yes,yes,purchasing
csv,admin.purchase-receives.audit,admin/purchase-receives/audit,PurchaseReceiveController,audit,purchasing.purchase-receives-audit,1,purchasing.purchase-receives-audit,yes,yes,purchasing
csv,admin.purchase-returns.index,admin/purchase-returns,PurchaseReturnController,index,purchasing.purchase-returns,1,purchasing.purchase-returns,yes,yes,purchasing
csv,admin.purchase-returns.audit,admin/purchase-returns/audit,PurchaseReturnController,audit,purchasing.purchase-returns-audit,1,purchasing.purchase-returns-audit,yes,yes,purchasing
csv,admin.purchase-returns.slip,admin/purchase-returns/{id}/slip,PurchaseReturnController,slip,purchasing.purchase-returns-slip,1,purchasing.purchase-returns-slip,yes,yes,purchasing
csv,admin.sales.cart,admin/sales/cart,SalesCartController,index,sales.cart,1,sales.cart,yes,yes,sales
csv,admin.sales-challans.index,admin/sales-challans,SalesChallanController,index,sales.challans,1,sales.challans,yes,yes,sales
csv,admin.sales-challans.blank-godown-form,admin/sales-challans/blank-godown/{invoiceId},SalesChallanController,blankGodownForm,sales.challans-blank-godown-form,1,sales.challans-blank-godown-form,yes,yes,sales
csv,admin.sales-challans.challan-form,admin/sales-challans/issue/{invoiceId},SalesChallanController,challanForm,sales.challans-challan-form,1,sales.challans-challan-form,yes,yes,sales
csv,admin.sales-challans.godown,admin/sales-challans/godown/{invoiceId},SalesChallanController,godown,sales.challans-godown,1,sales.challans-godown,yes,yes,sales
csv,admin.sales-challans.print-challan,admin/sales-challans/{id}/print-challan,SalesChallanController,printChallan,sales.challans-print-challan,1,sales.challans-print-challan,yes,yes,sales
csv,admin.commission-rules.index,admin/commission-rules,CommissionRuleController,index,sales.commission-rules,1,sales.commission-rules,yes,yes,sales
csv,admin.commission-rules.create,admin/commission-rules/create,CommissionRuleController,create,sales.commission-rules-create,1,sales.commission-rules-create,yes,yes,sales
csv,admin.commission-rules.show,admin/commission-rules/{id},CommissionRuleController,show,sales.commission-rules-show,1,sales.commission-rules-show,yes,yes,sales
csv,admin.customer-payments.index,admin/customer-payments,CustomerPaymentController,index,sales.customer-payments,1,sales.customer-payments,yes,yes,sales
csv,admin.customer-payments.audit,admin/customer-payments/audit,CustomerPaymentController,audit,sales.customer-payments-audit,1,sales.customer-payments-audit,yes,yes,sales
csv,admin.customer-payments.print-receipt,admin/customer-payments/{id}/print-receipt,CustomerPaymentController,printReceipt,sales.customer-payments-print-receipt,1,sales.customer-payments-print-receipt,yes,yes,sales
csv,admin.customer-payments.slip,admin/customer-payments/{id}/slip,CustomerPaymentController,slip,sales.customer-payments-slip,1,sales.customer-payments-slip,yes,yes,sales
csv,admin.sales.go-live-checklist,admin/sales/go-live-checklist,GoLiveChecklistController,index,sales.go-live-checklist,1,sales.go-live-checklist,yes,yes,sales
csv,admin.sales.guide,admin/sales/guide,SalesGuideController,guide,sales.guide,1,sales.guide,yes,yes,sales
csv,admin.sales-invoices.index,admin/sales-invoices,SalesInvoiceController,index,sales.invoices,1,sales.invoices,yes,yes,sales
csv,admin.sales.audit,admin/sales/audit,SalesInvoiceController,auditTrail,sales.invoices-audit,1,sales.invoices-audit,yes,yes,sales
csv,admin.sales-invoices.print-blank-godown,admin/sales-invoices/{id}/print-blank-godown,SalesInvoiceController,printBlankGodown,sales.invoices-print-blank-godown,1,sales.invoices-print-blank-godown,yes,yes,sales
csv,admin.sales-invoices.print-godown,admin/sales-invoices/{id}/print-godown,SalesInvoiceController,printGodown,sales.invoices-print-godown,1,sales.invoices-print-godown,yes,yes,sales
csv,admin.sales-invoices.print-invoice,admin/sales-invoices/{id}/print-invoice,SalesInvoiceController,printInvoice,sales.invoices-print-invoice,1,sales.invoices-print-invoice,yes,yes,sales
csv,admin.sales-invoices.receive-modal,admin/sales-invoices/{id}/receive-modal,SalesInvoiceController,receiveModal,sales.invoices-receive-modal,1,sales.invoices-receive-modal,yes,yes,sales
csv,admin.sales-returns.index,admin/sales-returns,SalesReturnController,index,sales.returns,1,sales.returns,yes,yes,sales
csv,admin.sales-returns.audit,admin/sales-returns/audit,SalesReturnController,audit,sales.returns-audit,1,sales.returns-audit,yes,yes,sales
csv,admin.sales-returns.print-slip,admin/sales-returns/{id}/print-slip,SalesReturnController,printSlip,sales.returns-print-slip,1,sales.returns-print-slip,yes,yes,sales
csv,admin.sales-returns.reverse-preview,admin/sales-returns/{id}/reverse-preview,SalesReturnController,reversePreview,sales.returns-reverse-preview,1,sales.returns-reverse-preview,yes,yes,sales
csv,admin.approvals.queue,admin/approvals,ApprovalController,queue,accounting.approvals,1,accounting.approvals,yes,yes,accounting
csv,admin.approvals.workflows,admin/approvals/workflows,ApprovalController,workflows,accounting.approvals-workflows,1,accounting.approvals-workflows,yes,yes,accounting
csv,admin.bank-reconciliation.index,admin/bank-reconciliation,BankReconciliationController,index,accounting.bank-reconciliation,1,accounting.bank-reconciliation,yes,yes,accounting
csv,admin.bank-reconciliation.create,admin/bank-reconciliation/create,BankReconciliationController,create,accounting.bank-reconciliation-create,1,accounting.bank-reconciliation-create,yes,yes,accounting
csv,admin.bank-reconciliation.import-statement-page,admin/bank-reconciliation/import-statement,BankReconciliationController,importStatementPage,accounting.bank-reconciliation-import-statement,1,accounting.bank-reconciliation-import-statement,yes,yes,accounting
csv,admin.bank-reconciliation.show,admin/bank-reconciliation/{bankReconciliation},BankReconciliationController,show,accounting.bank-reconciliation-show,1,accounting.bank-reconciliation-show,yes,yes,accounting
csv,admin.bank-reconciliation.unreconciled,admin/bank-reconciliation/unreconciled,BankReconciliationController,unreconciled,accounting.bank-reconciliation-unreconciled,1,accounting.bank-reconciliation-unreconciled,yes,yes,accounting
csv,admin.employee-transactions.index,admin/employee-transactions,EmployeeTransactionController,index,accounting.employee-transactions,1,accounting.employee-transactions,yes,yes,accounting
csv,admin.employee-transactions.audit,admin/employee-transactions/audit,EmployeeTransactionController,audit,accounting.employee-transactions-audit,1,accounting.employee-transactions-audit,yes,yes,accounting
csv,admin.employee-transactions.show,admin/employee-transactions/{id},EmployeeTransactionController,show,accounting.employee-transactions-show,1,accounting.employee-transactions-show,yes,yes,accounting
csv,admin.employee-transactions.slip,admin/employee-transactions/{id}/slip,EmployeeTransactionController,slip,accounting.employee-transactions-slip,1,accounting.employee-transactions-slip,yes,yes,accounting
csv,admin.manual-journals.index,admin/manual-journals,ManualJournalController,index,accounting.manual-journals,1,accounting.manual-journals,yes,yes,accounting
csv,admin.manual-journals.audit,admin/manual-journals/audit,ManualJournalController,audit,accounting.manual-journals-audit,1,accounting.manual-journals-audit,yes,yes,accounting
csv,admin.manual-journals.show,admin/manual-journals/{id},ManualJournalController,show,accounting.manual-journals-show,1,accounting.manual-journals-show,yes,yes,accounting
csv,admin.money-transfers.index,admin/money-transfers,MoneyTransferController,index,accounting.money-transfers,1,accounting.money-transfers,yes,yes,accounting
csv,admin.money-transfers.audit,admin/money-transfers/audit,MoneyTransferController,audit,accounting.money-transfers-audit,1,accounting.money-transfers-audit,yes,yes,accounting
csv,admin.money-transfers.show,admin/money-transfers/{id},MoneyTransferController,show,accounting.money-transfers-show,1,accounting.money-transfers-show,yes,yes,accounting
csv,admin.money-transfers.slip,admin/money-transfers/{id}/slip,MoneyTransferController,slip,accounting.money-transfers-slip,1,accounting.money-transfers-slip,yes,yes,accounting
csv,admin.other-expenses.index,admin/other-expenses,OtherExpenseController,index,accounting.other-expenses,1,accounting.other-expenses,yes,yes,accounting
csv,admin.other-expenses.audit,admin/other-expenses/audit,OtherExpenseController,audit,accounting.other-expenses-audit,1,accounting.other-expenses-audit,yes,yes,accounting
csv,admin.other-expenses.show,admin/other-expenses/{id},OtherExpenseController,show,accounting.other-expenses-show,1,accounting.other-expenses-show,yes,yes,accounting
csv,admin.other-expenses.slip,admin/other-expenses/{id}/slip,OtherExpenseController,slip,accounting.other-expenses-slip,1,accounting.other-expenses-slip,yes,yes,accounting
csv,admin.other-incomes.index,admin/other-incomes,OtherIncomeController,index,accounting.other-incomes,1,accounting.other-incomes,yes,yes,accounting
csv,admin.other-incomes.audit,admin/other-incomes/audit,OtherIncomeController,audit,accounting.other-incomes-audit,1,accounting.other-incomes-audit,yes,yes,accounting
csv,admin.other-incomes.show,admin/other-incomes/{id},OtherIncomeController,show,accounting.other-incomes-show,1,accounting.other-incomes-show,yes,yes,accounting
csv,admin.other-incomes.slip,admin/other-incomes/{id}/slip,OtherIncomeController,slip,accounting.other-incomes-slip,1,accounting.other-incomes-slip,yes,yes,accounting
csv,admin.accounting.period-close,admin/accounting/period-close,AccountingPeriodController,index,accounting.period-close,1,accounting.period-close,yes,yes,accounting
csv,admin.reconciliation.index,admin/reconciliation,ReconciliationController,index,accounting.reconciliation,1,accounting.reconciliation,yes,yes,accounting
csv,admin.reconciliation.section,admin/reconciliation/section/{sectionId},ReconciliationController,section,accounting.reconciliation-section,1,accounting.reconciliation-section,yes,yes,accounting
csv,admin.supplier-transactions.index,admin/supplier-transactions,SupplierTransactionController,index,accounting.supplier-transactions,1,accounting.supplier-transactions,yes,yes,accounting
csv,admin.supplier-transactions.audit,admin/supplier-transactions/audit,SupplierTransactionController,audit,accounting.supplier-transactions-audit,1,accounting.supplier-transactions-audit,yes,yes,accounting
csv,admin.supplier-transactions.show,admin/supplier-transactions/{id},SupplierTransactionController,show,accounting.supplier-transactions-show,1,accounting.supplier-transactions-show,yes,yes,accounting
csv,admin.supplier-transactions.slip,admin/supplier-transactions/{id}/slip,SupplierTransactionController,slip,accounting.supplier-transactions-slip,1,accounting.supplier-transactions-slip,yes,yes,accounting
csv,admin.branch-demands.index,admin/branch-demands,BranchDemandController,index,finance.branch-demand,1,finance.branch-demand,yes,yes,finance
csv,admin.branch-demands.audit,admin/branch-demands/{id}/audit,BranchDemandController,audit,finance.branch-demand-audit,1,finance.branch-demand-audit,yes,yes,finance
csv,admin.branch-demands.checklist,admin/branch-demands/checklist,BranchDemandController,checklist,finance.branch-demand-checklist,1,finance.branch-demand-checklist,yes,yes,finance
csv,admin.branch-demands.pending,admin/branch-demands/pending,BranchDemandController,pending,finance.branch-demand-pending,1,finance.branch-demand-pending,yes,yes,finance
csv,admin.branch-demands.pending-receipt,admin/branch-demands/pending-receipt,BranchDemandController,pendingReceipt,finance.branch-demand-pending-receipt,1,finance.branch-demand-pending-receipt,yes,yes,finance
csv,admin.branch-demands.price-range-comparison,admin/branch-demands/price-range-comparison,BranchDemandController,priceRangeComparison,finance.branch-demand-price-range-comparison,1,finance.branch-demand-price-range-comparison,yes,yes,finance
csv,admin.branch-demands.reconcile,admin/branch-demands/reconcile,BranchDemandController,reconcile,finance.branch-demand-reconcile,1,finance.branch-demand-reconcile,yes,yes,finance
csv,admin.branch-demand-shadow.index,admin/branch-demand-shadow,BranchDemandShadowController,index,finance.branch-demand-shadow,1,finance.branch-demand-shadow,yes,yes,finance
csv,admin.branch-demand-shadow.detail,admin/branch-demand-shadow/comparisons/{id},BranchDemandShadowController,comparisonDetail,finance.branch-demand-shadow-comparison-detail,1,finance.branch-demand-shadow-comparison-detail,yes,yes,finance
csv,admin.branch-demand-shadow.comparisons,admin/branch-demand-shadow/comparisons,BranchDemandShadowController,comparisons,finance.branch-demand-shadow-comparisons,1,finance.branch-demand-shadow-comparisons,yes,yes,finance
csv,admin.branch-demand-shadow.cutover,admin/branch-demand-shadow/cutover,BranchDemandShadowController,cutover,finance.branch-demand-shadow-cutover,1,finance.branch-demand-shadow-cutover,yes,yes,finance
csv,admin.branch-demands.weekly-report,admin/branch-demands/weekly-report,BranchDemandReportController,weekly,finance.branch-demand-weekly-report,1,finance.branch-demand-weekly-report,yes,yes,finance
csv,admin.branch-demands.weekly-report.drill-down,admin/branch-demands/weekly-report/drill-down,BranchDemandReportController,drillDown,finance.branch-demand-weekly-report-drill-down,1,finance.branch-demand-weekly-report-drill-down,yes,yes,finance
csv,admin.budgets.index,admin/budgets,BudgetController,index,finance.budgets,1,finance.budgets,yes,yes,finance
csv,admin.budgets.variance,admin/budgets/variance,BudgetController,varianceReport,finance.budgets-variance,1,finance.budgets-variance,yes,yes,finance
csv,admin.consolidation.index,admin/consolidation,ConsolidationController,index,finance.consolidation,1,finance.consolidation,yes,yes,finance
csv,admin.consolidation.companies,admin/consolidation/companies,ConsolidationController,companiesIndex,finance.consolidation-companies,1,finance.consolidation-companies,yes,yes,finance
csv,admin.consolidation.consolidated-bs,admin/consolidation/consolidated-bs,ConsolidationController,consolidatedBalanceSheet,finance.consolidation-consolidated-bs,1,finance.consolidation-consolidated-bs,yes,yes,finance
csv,admin.consolidation.consolidated-pnl,admin/consolidation/consolidated-pnl,ConsolidationController,consolidatedProfitAndLoss,finance.consolidation-consolidated-pnl,1,finance.consolidation-consolidated-pnl,yes,yes,finance
csv,admin.consolidation.consolidated-tb,admin/consolidation/consolidated-tb,ConsolidationController,consolidatedTrialBalance,finance.consolidation-consolidated-tb,1,finance.consolidation-consolidated-tb,yes,yes,finance
csv,admin.consolidation.create,admin/consolidation/create,ConsolidationController,create,finance.consolidation-create,1,finance.consolidation-create,yes,yes,finance
csv,admin.consolidation.reconciliation,admin/consolidation/reconciliation,ConsolidationController,intercompanyReconciliation,finance.consolidation-intercompany-reconciliation,1,finance.consolidation-intercompany-reconciliation,yes,yes,finance
csv,admin.consolidation.rules,admin/consolidation/rules,ConsolidationController,rulesIndex,finance.consolidation-rules,1,finance.consolidation-rules,yes,yes,finance
csv,admin.consolidation.show,admin/consolidation/{consolidationRun},ConsolidationController,show,finance.consolidation-show,1,finance.consolidation-show,yes,yes,finance
csv,admin.dimensions.index,admin/dimensions,DimensionController,index,finance.dimensions,1,finance.dimensions,yes,yes,finance
csv,admin.dimensions.segment-bs,admin/dimensions/segment-bs,DimensionController,segmentBs,finance.dimensions-segment-bs,1,finance.dimensions-segment-bs,yes,yes,finance
csv,admin.dimensions.segment-pnl,admin/dimensions/segment-pnl,DimensionController,segmentPnl,finance.dimensions-segment-pnl,1,finance.dimensions-segment-pnl,yes,yes,finance
csv,admin.fiscal-years.index,admin/fiscal-years,FiscalYearController,index,finance.fiscal-years,1,finance.fiscal-years,yes,yes,finance
csv,admin.fiscal-years.close-log,admin/fiscal-years/close-log,FiscalYearController,closeLog,finance.fiscal-years-close-log,1,finance.fiscal-years-close-log,yes,yes,finance
csv,admin.fixed-assets.index,admin/fixed-assets,FixedAssetController,index,finance.fixed-assets,1,finance.fixed-assets,yes,yes,finance
csv,admin.fixed-assets.depreciation,admin/fixed-assets/depreciation,FixedAssetController,depreciation,finance.fixed-assets-depreciation,1,finance.fixed-assets-depreciation,yes,yes,finance
csv,admin.fixed-assets.disposals,admin/fixed-assets/disposals,FixedAssetController,disposals,finance.fixed-assets-disposals,1,finance.fixed-assets-disposals,yes,yes,finance
csv,admin.fixed-assets.show-disposal,admin/fixed-assets/disposals/{disposal},FixedAssetController,showDisposal,finance.fixed-assets-show-disposal,1,finance.fixed-assets-show-disposal,yes,yes,finance
csv,admin.shadow-mode.index,admin/shadow-mode,ShadowModeController,index,finance.shadow-mode,1,finance.shadow-mode,yes,yes,finance
csv,admin.shadow-mode.detail,admin/shadow-mode/comparisons/{id},ShadowModeController,comparisonDetail,finance.shadow-mode-comparison-detail,1,finance.shadow-mode-comparison-detail,yes,yes,finance
csv,admin.shadow-mode.comparisons,admin/shadow-mode/comparisons,ShadowModeController,comparisons,finance.shadow-mode-comparisons,1,finance.shadow-mode-comparisons,yes,yes,finance
csv,admin.shadow-mode.cutover,admin/shadow-mode/cutover,ShadowModeController,cutover,finance.shadow-mode-cutover,1,finance.shadow-mode-cutover,yes,yes,finance
csv,admin.branch-demands.index,admin/branch-demands,BranchDemandController,index,inventory.branch-demand,1,finance.branch-demand,yes,expected-alias,finance
csv,admin.sales-invoices.export-csv,admin/sales-invoices/export-csv,CsvExportController,exportInvoices,reports.csv-export,1,reports.csv-export,yes,yes,reports
csv,admin.sales-challans.export-csv,admin/sales-challans/export-csv,CsvExportController,exportChallans,reports.csv-export-export-challans,1,reports.csv-export-export-challans,yes,yes,reports
csv,admin.reports.customerPerformance,admin/reports/customer-performance,CustomerPerformanceController,index,reports.customer-performance,1,reports.customer-performance,yes,yes,reports
csv,dashboard,dashboard,UserPerformanceDashboardController,index,reports.dashboard,1,reports.dashboard,yes,yes,reports
csv,admin.reports.index,admin/reports,ReportController,index,reports.reports-hub,1,reports.reports-hub,yes,yes,reports
csv,admin.reports.arAgingCte,admin/reports/ar-aging-cte,ReportController,arAgingCte,reports.reports-hub-arAgingCte,1,reports.reports-hub-arAgingCte,yes,yes,reports
csv,admin.reports.balanceSheet,admin/reports/balance-sheet,ReportController,balanceSheet,reports.reports-hub-balanceSheet,1,reports.reports-hub-balanceSheet,yes,yes,reports
csv,admin.reports.branchDemandWeekly,admin/reports/branch-demand-weekly,ReportController,branchDemandWeekly,reports.reports-hub-branchDemandWeekly,1,reports.reports-hub-branchDemandWeekly,yes,yes,reports
csv,admin.reports.branchIntercompany,admin/reports/branch-intercompany,ReportController,branchIntercompany,reports.reports-hub-branchIntercompany,1,reports.reports-hub-branchIntercompany,yes,yes,reports
csv,admin.reports.branchWiseLedger,admin/reports/branch-wise-ledger,ReportController,branchWiseLedger,reports.reports-hub-branchWiseLedger,1,reports.reports-hub-branchWiseLedger,yes,yes,reports
csv,admin.reports.cashFlow,admin/reports/cash-flow,ReportController,cashFlow,reports.reports-hub-cashFlow,1,reports.reports-hub-cashFlow,yes,yes,reports
csv,admin.reports.dailyCashBook,admin/reports/daily-cash-book,ReportController,dailyCashBook,reports.reports-hub-dailyCashBook,1,reports.reports-hub-dailyCashBook,yes,yes,reports
csv,admin.reports.damageReport,admin/reports/damage,ReportController,damageReport,reports.reports-hub-damageReport,1,reports.reports-hub-damageReport,yes,yes,reports
csv,admin.reports.damageReportExport,admin/reports/damage/export,ReportController,damageReportExport,reports.reports-hub-damageReportExport,1,reports.reports-hub-damageReportExport,yes,yes,reports
csv,admin.reports.generalLedger,admin/reports/general-ledger,ReportController,generalLedger,reports.reports-hub-generalLedger,1,reports.reports-hub-generalLedger,yes,yes,reports
csv,admin.reports.generalLedgerCte,admin/reports/general-ledger-cte,ReportController,generalLedgerCte,reports.reports-hub-generalLedgerCte,1,reports.reports-hub-generalLedgerCte,yes,yes,reports
csv,admin.reports.grossMargin,admin/reports/gross-margin,ReportController,grossMargin,reports.reports-hub-grossMargin,1,reports.reports-hub-grossMargin,yes,yes,reports
csv,admin.reports.grossMarginCte,admin/reports/gross-margin-cte,ReportController,grossMarginCte,reports.reports-hub-grossMarginCte,1,reports.reports-hub-grossMarginCte,yes,yes,reports
csv,admin.reports.journalEntries,admin/reports/journal-entries,ReportController,journalEntries,reports.reports-hub-journalEntries,1,reports.reports-hub-journalEntries,yes,yes,reports
csv,admin.reports.payableAging,admin/reports/payable-aging,ReportController,payableAging,reports.reports-hub-payableAging,1,reports.reports-hub-payableAging,yes,yes,reports
csv,admin.reports.productMovement,admin/reports/product-movement,ReportController,productMovement,reports.reports-hub-productMovement,1,reports.reports-hub-productMovement,yes,yes,reports
csv,admin.reports.productStockAnalysis,admin/reports/product-stock-analysis,ReportController,productStockAnalysis,reports.reports-hub-productStockAnalysis,1,reports.reports-hub-productStockAnalysis,yes,yes,reports
csv,admin.reports.profitAndLoss,admin/reports/profit-and-loss,ReportController,profitAndLoss,reports.reports-hub-profitAndLoss,1,reports.reports-hub-profitAndLoss,yes,yes,reports
csv,admin.reports.purchaseAudit,admin/reports/purchase-audit,ReportController,purchaseAudit,reports.reports-hub-purchaseAudit,1,reports.reports-hub-purchaseAudit,yes,yes,reports
csv,admin.reports.receivableAging,admin/reports/receivable-aging,ReportController,receivableAging,reports.reports-hub-receivableAging,1,reports.reports-hub-receivableAging,yes,yes,reports
csv,admin.reports.revenueOverview,admin/reports/revenue-overview,ReportController,revenueOverview,reports.reports-hub-revenueOverview,1,reports.reports-hub-revenueOverview,yes,yes,reports
csv,admin.reports.salesAuditChecklist,admin/reports/sales-audit-checklist,ReportController,salesAuditChecklist,reports.reports-hub-salesAuditChecklist,1,reports.reports-hub-salesAuditChecklist,yes,yes,reports
csv,admin.reports.salesAuditRun,admin/reports/sales-audit-checklist/run,ReportController,salesAuditRun,reports.reports-hub-salesAuditRun,1,reports.reports-hub-salesAuditRun,yes,yes,reports
csv,admin.reports.stocktakeVariance,admin/reports/stocktake-variance,ReportController,stocktakeVariance,reports.reports-hub-stocktakeVariance,1,reports.reports-hub-stocktakeVariance,yes,yes,reports
csv,admin.reports.stocktakeVarianceExport,admin/reports/stocktake-variance/export,ReportController,stocktakeVarianceExport,reports.reports-hub-stocktakeVarianceExport,1,reports.reports-hub-stocktakeVarianceExport,yes,yes,reports
csv,admin.reports.stocktakeWeekly,admin/reports/stocktake-weekly,ReportController,stocktakeWeekly,reports.reports-hub-stocktakeWeekly,1,reports.reports-hub-stocktakeWeekly,yes,yes,reports
csv,admin.reports.stocktakeWeeklyExport,admin/reports/stocktake-weekly/export,ReportController,stocktakeWeeklyExport,reports.reports-hub-stocktakeWeeklyExport,1,reports.reports-hub-stocktakeWeeklyExport,yes,yes,reports
csv,admin.reports.supplierWisePurchase,admin/reports/supplier-wise-purchase,ReportController,supplierWisePurchase,reports.reports-hub-supplierWisePurchase,1,reports.reports-hub-supplierWisePurchase,yes,yes,reports
csv,admin.reports.todaySummaryCte,admin/reports/today-summary-cte,ReportController,todaySummaryCte,reports.reports-hub-todaySummaryCte,1,reports.reports-hub-todaySummaryCte,yes,yes,reports
csv,admin.reports.trialBalance,admin/reports/trial-balance,ReportController,trialBalance,reports.reports-hub-trialBalance,1,reports.reports-hub-trialBalance,yes,yes,reports
csv,admin.reports.salesFunnel,admin/reports/sales-funnel,SalesFunnelController,index,reports.sales-funnel,1,reports.sales-funnel,yes,yes,reports
csv,admin.archive.index,admin/archive,ArchiveController,index,system.archive,1,system.archive,yes,yes,system
csv,admin.archive.customer-ledger,admin/archive/customer-ledger/{customerId},ArchiveController,customerLedger,system.archive-customerLedger,1,system.archive-customerLedger,yes,yes,system
csv,admin.archive.supplier-ledger,admin/archive/supplier-ledger/{supplierId},ArchiveController,supplierLedger,system.archive-supplierLedger,1,system.archive-supplierLedger,yes,yes,system
csv,admin.audit.index,admin/audit,GlobalAuditController,index,system.audit,1,system.audit,yes,yes,system
csv,admin.audit.show,admin/audit/{id},GlobalAuditController,show,system.audit-show,1,system.audit-show,yes,yes,system
csv,admin.compliance.index,admin/compliance,SystemPolicyController,index,system.compliance,1,system.compliance,yes,yes,system
csv,admin.notifications.rules,admin/notifications/rules,NotificationController,rules,system.notifications,1,system.notifications,yes,yes,system
csv,admin.notifications.inbox,admin/notifications/inbox,NotificationController,inbox,system.notifications-inbox,1,system.notifications-inbox,yes,yes,system
csv,admin.system.partition-health,admin/system/partition-health,PartitionHealthController,index,system.partition-health,1,system.partition-health,yes,yes,system
csv,sse.events,sse/events,SseController,events,system.sse,1,system.sse,yes,yes,system
csv,sse.status,sse/status,SseController,status,system.sse-status,1,system.sse-status,yes,yes,system
csv,admin.system-health.index,admin/system-health,SystemHealthController,index,system.system-health,1,system.system-health,yes,yes,system
csv,admin.users.index,admin/users,UserController,index,system.users,1,system.users,yes,yes,system
csv,admin.users.audit,admin/users/audit,UserController,audit,system.users-audit,1,system.users-audit,yes,yes,system
csv,admin.users.menu-permissions,admin/users/{user}/menu-permissions,UserController,menuPermissions,system.users-menu-permissions,1,system.users-menu-permissions,yes,yes,system
csv,admin.users.print,admin/users/print,UserController,print,system.users-print,1,system.users-print,yes,yes,system
csv,admin.users.security,admin/users/{user}/security,UserController,securityAudit,system.users-security-audit,1,system.users-security-audit,yes,yes,system
resource,admin.products.index,admin/products,ProductController,index,,1,master-data.products,yes,yes,
resource,admin.products.show,admin/products/{id},ProductController,show,,3,master-data.products,yes,yes,
resource,admin.products.create,admin/products/create,ProductController,create,,3,master-data.products,yes,yes,
resource,admin.products.edit,admin/products/{id}/edit,ProductController,edit,,3,master-data.products,yes,yes,
resource,admin.product-categories.index,admin/product-categories,ProductCategoryController,index,,1,master-data.product-categories,yes,yes,
resource,admin.product-categories.create,admin/product-categories/create,ProductCategoryController,create,,3,master-data.product-categories,yes,yes,
resource,admin.product-categories.show,admin/product-categories/{id},ProductCategoryController,show,,3,master-data.product-categories,yes,yes,
resource,admin.product-categories.edit,admin/product-categories/{id}/edit,ProductCategoryController,edit,,3,master-data.product-categories,yes,yes,
resource,admin.product-groups.index,admin/product-groups,ProductGroupController,index,,1,master-data.product-groups,yes,yes,
resource,admin.product-groups.create,admin/product-groups/create,ProductGroupController,create,,3,master-data.product-groups,yes,yes,
resource,admin.product-groups.show,admin/product-groups/{id},ProductGroupController,show,,3,master-data.product-groups,yes,yes,
resource,admin.product-groups.edit,admin/product-groups/{id}/edit,ProductGroupController,edit,,3,master-data.product-groups,yes,yes,
resource,admin.customers.index,admin/customers,CustomerController,index,,1,master-data.customers,yes,yes,
resource,admin.customers.show,admin/customers/{id},CustomerController,show,,3,master-data.customers,yes,yes,
resource,admin.customers.create,admin/customers/create,CustomerController,create,,3,master-data.customers,yes,yes,
resource,admin.customers.edit,admin/customers/{id}/edit,CustomerController,edit,,3,master-data.customers,yes,yes,
resource,admin.suppliers.index,admin/suppliers,SupplierController,index,,1,master-data.suppliers,yes,yes,
resource,admin.suppliers.show,admin/suppliers/{id},SupplierController,show,,3,master-data.suppliers,yes,yes,
resource,admin.suppliers.create,admin/suppliers/create,SupplierController,create,,3,master-data.suppliers,yes,yes,
resource,admin.suppliers.edit,admin/suppliers/{id}/edit,SupplierController,edit,,3,master-data.suppliers,yes,yes,
resource,admin.employees.index,admin/employees,EmployeeController,index,,1,master-data.employees,yes,yes,
resource,admin.employees.show,admin/employees/{id},EmployeeController,show,,3,master-data.employees,yes,yes,
resource,admin.employees.create,admin/employees/create,EmployeeController,create,,3,master-data.employees,yes,yes,
resource,admin.employees.edit,admin/employees/{id}/edit,EmployeeController,edit,,3,master-data.employees,yes,yes,
resource,admin.banks.index,admin/banks,BankController,index,,1,master-data.banks,yes,yes,
resource,admin.banks.show,admin/banks/{id},BankController,show,,3,master-data.banks,yes,yes,
resource,admin.banks.create,admin/banks/create,BankController,create,,3,master-data.banks,yes,yes,
resource,admin.banks.edit,admin/banks/{id}/edit,BankController,edit,,3,master-data.banks,yes,yes,
resource,admin.ledgers.index,admin/ledgers,LedgerController,index,,1,master-data.ledgers,yes,yes,
resource,admin.ledgers.show,admin/ledgers/{id},LedgerController,show,,3,master-data.ledgers,yes,yes,
resource,admin.ledgers.create,admin/ledgers/create,LedgerController,create,,3,master-data.ledgers,yes,yes,
resource,admin.ledgers.edit,admin/ledgers/{id}/edit,LedgerController,edit,,3,master-data.ledgers,yes,yes,
resource,admin.branches.index,admin/branches,BranchController,index,,1,master-data.branches,yes,yes,
resource,admin.branches.show,admin/branches/{id},BranchController,show,,3,master-data.branches,yes,yes,
resource,admin.branches.create,admin/branches/create,BranchController,create,,3,master-data.branches,yes,yes,
resource,admin.branches.edit,admin/branches/{id}/edit,BranchController,edit,,3,master-data.branches,yes,yes,
resource,admin.warehouses.index,admin/warehouses,WarehouseController,index,,1,master-data.warehouses,yes,yes,
resource,admin.warehouses.show,admin/warehouses/{id},WarehouseController,show,,3,master-data.warehouses,yes,yes,
resource,admin.warehouses.create,admin/warehouses/create,WarehouseController,create,,3,master-data.warehouses,yes,yes,
resource,admin.warehouses.edit,admin/warehouses/{id}/edit,WarehouseController,edit,,3,master-data.warehouses,yes,yes,
resource,admin.users.index,admin/users,UserController,index,,1,system.users,yes,yes,
resource,admin.users.show,admin/users/{id},UserController,show,,3,system.users,yes,yes,
resource,admin.users.create,admin/users/create,UserController,create,,3,system.users,yes,yes,
resource,admin.users.edit,admin/users/{id}/edit,UserController,edit,,3,system.users,yes,yes,
resource,admin.stock-take.index,admin/stock-take,StockTakeController,index,,1,inventory.stock-take,yes,yes,
resource,admin.stock-take.create,admin/stock-take/create,StockTakeController,create,,3,inventory.stock-take,yes,yes,
resource,admin.stock-take.show,admin/stock-take/{id},StockTakeController,show,,3,inventory.stock-take,yes,yes,
resource,admin.warehouse-transfers.index,admin/warehouse-transfers,WarehouseTransferController,index,,1,inventory.warehouse-transfers,yes,yes,
resource,admin.warehouse-transfers.create,admin/warehouse-transfers/create,WarehouseTransferController,create,,3,inventory.warehouse-transfers,yes,yes,
resource,admin.warehouse-transfers.show,admin/warehouse-transfers/{id},WarehouseTransferController,show,,3,inventory.warehouse-transfers,yes,yes,
resource,admin.branch-demands.index,admin/branch-demands,BranchDemandController,index,,1,finance.branch-demand,yes,yes,
resource,admin.branch-demands.create,admin/branch-demands/create,BranchDemandController,create,,3,finance.branch-demand,yes,yes,
resource,admin.branch-demands.show,admin/branch-demands/{id},BranchDemandController,show,,3,finance.branch-demand,yes,yes,
resource,admin.purchase-orders.index,admin/purchase-orders,PurchaseOrderController,index,,1,purchasing.purchase-orders,yes,yes,
resource,admin.purchase-orders.create,admin/purchase-orders/create,PurchaseOrderController,create,,3,purchasing.purchase-orders,yes,yes,
resource,admin.purchase-orders.show,admin/purchase-orders/{id},PurchaseOrderController,show,,3,purchasing.purchase-orders,yes,yes,
resource,admin.purchase-orders.edit,admin/purchase-orders/{id}/edit,PurchaseOrderController,edit,,3,purchasing.purchase-orders,yes,yes,
resource,admin.purchase-receives.index,admin/purchase-receives,PurchaseReceiveController,index,,1,purchasing.purchase-receives,yes,yes,
resource,admin.purchase-receives.show,admin/purchase-receives/{id},PurchaseReceiveController,show,,3,purchasing.purchase-receives,yes,yes,
resource,admin.purchase-returns.index,admin/purchase-returns,PurchaseReturnController,index,,1,purchasing.purchase-returns,yes,yes,
resource,admin.purchase-returns.show,admin/purchase-returns/{id},PurchaseReturnController,show,,3,purchasing.purchase-returns,yes,yes,
resource,admin.sales-invoices.index,admin/sales-invoices,SalesInvoiceController,index,,1,sales.invoices,yes,yes,
resource,admin.sales-invoices.show,admin/sales-invoices/{id},SalesInvoiceController,show,,3,sales.invoices,yes,yes,
resource,admin.sales-challans.index,admin/sales-challans,SalesChallanController,index,,1,sales.challans,yes,yes,
resource,admin.sales-challans.show,admin/sales-challans/{id},SalesChallanController,show,,3,sales.challans,yes,yes,
resource,admin.customer-payments.index,admin/customer-payments,CustomerPaymentController,index,,1,sales.customer-payments,yes,yes,
resource,admin.customer-payments.create,admin/customer-payments/create,CustomerPaymentController,create,,3,sales.customer-payments,yes,yes,
resource,admin.supplier-transactions.index,admin/supplier-transactions,SupplierTransactionController,index,,1,accounting.supplier-transactions,yes,yes,
resource,admin.supplier-transactions.create,admin/supplier-transactions/create,SupplierTransactionController,create,,3,accounting.supplier-transactions,yes,yes,
resource,admin.employee-transactions.index,admin/employee-transactions,EmployeeTransactionController,index,,1,accounting.employee-transactions,yes,yes,
resource,admin.employee-transactions.create,admin/employee-transactions/create,EmployeeTransactionController,create,,3,accounting.employee-transactions,yes,yes,
resource,admin.money-transfers.index,admin/money-transfers,MoneyTransferController,index,,1,accounting.money-transfers,yes,yes,
resource,admin.money-transfers.create,admin/money-transfers/create,MoneyTransferController,create,,3,accounting.money-transfers,yes,yes,
resource,admin.other-incomes.index,admin/other-incomes,OtherIncomeController,index,,1,accounting.other-incomes,yes,yes,
resource,admin.other-incomes.create,admin/other-incomes/create,OtherIncomeController,create,,3,accounting.other-incomes,yes,yes,
resource,admin.other-expenses.index,admin/other-expenses,OtherExpenseController,index,,1,accounting.other-expenses,yes,yes,
resource,admin.other-expenses.create,admin/other-expenses/create,OtherExpenseController,create,,3,accounting.other-expenses,yes,yes,
resource,admin.manual-journals.index,admin/manual-journals,ManualJournalController,index,,1,accounting.manual-journals,yes,yes,
resource,admin.manual-journals.create,admin/manual-journals/create,ManualJournalController,create,,3,accounting.manual-journals,yes,yes,
resource,admin.sales-returns.index,admin/sales-returns,SalesReturnController,index,,1,sales.returns,yes,yes,
resource,admin.sales-returns.show,admin/sales-returns/{id},SalesReturnController,show,,3,sales.returns,yes,yes,
orphan,dashboard.salesTrend,dashboard/sales-trend,UserPerformanceDashboardController,salesTrendAjax,,3,reports.dashboard,yes,,
orphan,dashboard.fragment,dashboard/fragment,UserPerformanceDashboardController,fragmentAjax,,3,reports.dashboard,yes,,
orphan,ui-preview,ui-preview,App\Http\Controllers\UiPreviewController,index,,4,,no,,
orphan,admin.products.export,admin/products/export,ProductController,export,,3,master-data.products,yes,,
orphan,admin.customers.export,admin/customers/export,CustomerController,export,,3,master-data.customers,yes,,
orphan,admin.customers.ledger-data,admin/customers/{customer}/ledger-data,CustomerController,ledgerData,,3,master-data.customers,yes,,
orphan,admin.customers.invoices-data,admin/customers/{customer}/invoices-data,CustomerController,invoicesData,,3,master-data.customers,yes,,
orphan,admin.customers.payments-data,admin/customers/{customer}/payments-data,CustomerController,paymentsData,,3,master-data.customers,yes,,
orphan,admin.customers.returns-data,admin/customers/{customer}/returns-data,CustomerController,returnsData,,3,master-data.customers,yes,,
orphan,admin.suppliers.export,admin/suppliers/export,SupplierController,export,,3,master-data.suppliers,yes,,
orphan,admin.employees.export,admin/employees/export,EmployeeController,export,,3,master-data.employees,yes,,
orphan,admin.banks.export,admin/banks/export,BankController,export,,3,master-data.banks,yes,,
orphan,admin.ledgers.export,admin/ledgers/export,LedgerController,export,,3,master-data.ledgers,yes,,
orphan,admin.branches.export,admin/branches/export,BranchController,export,,3,master-data.branches,yes,,
orphan,admin.warehouses.export,admin/warehouses/export,WarehouseController,export,,3,master-data.warehouses,yes,,
orphan,admin.users.export,admin/users/export,UserController,export,,3,system.users,yes,,
orphan,admin.reconciliation.refresh,admin/reconciliation/refresh,ReconciliationController,refresh,,3,accounting.reconciliation,yes,,
orphan,admin.reports.stocktakeVarianceJournal,admin/reports/stocktake-variance/journal/{session},ReportController,stocktakeVarianceJournal,,3,reports.reports-hub,yes,,
orphan,admin.stock.availability,admin/stock/availability,StockTransactionController,checkAvailability,,3,inventory.stock-transactions,yes,,
orphan,admin.stock.warehouse_breakdown,admin/stock/warehouse-breakdown,StockTransactionController,warehouseBreakdown,,3,inventory.stock-transactions,yes,,
orphan,admin.stock-adjustments.export,admin/stock-adjustments/export,StockAdjustmentController,export,,3,inventory.stock-adjustments,yes,,
orphan,admin.stock-adjustments.create,admin/stock-adjustments/create,StockAdjustmentController,create,,3,inventory.stock-adjustments,yes,,
orphan,admin.stock-adjustments.product-rate,admin/stock-adjustments/product-rate,StockAdjustmentController,getProductRate,,3,inventory.stock-adjustments,yes,,
orphan,admin.stock-adjustments.product-uoms,admin/stock-adjustments/product-uoms,StockAdjustmentController,getProductUoms,,3,inventory.stock-adjustments,yes,,
orphan,admin.stock-take.products.search,admin/stock-take/products/search,StockTakeController,searchProducts,,3,inventory.stock-take,yes,,
orphan,admin.warehouse-transfers.product-stock,admin/warehouse-transfers/product-stock,WarehouseTransferController,getProductStock,,3,inventory.warehouse-transfers,yes,,
orphan,admin.warehouse-transfers.summary.export,admin/warehouse-transfers/summary/export,WarehouseTransferController,summaryExport,,3,inventory.warehouse-transfers,yes,,
orphan,admin.warehouse-transfers.export,admin/warehouse-transfers/export,WarehouseTransferController,export,,3,inventory.warehouse-transfers,yes,,
orphan,admin.branch-demands.branches,admin/branch-demands/branches,BranchDemandController,getBranches,,3,finance.branch-demand,yes,,
orphan,admin.branch-demands.products,admin/branch-demands/products,BranchDemandController,getProducts,,3,finance.branch-demand,yes,,
orphan,admin.branch-demands.warehouses,admin/branch-demands/warehouses/{id},BranchDemandController,getWarehousesByBranch,,3,finance.branch-demand,yes,,
orphan,admin.branch-demands.stock,admin/branch-demands/stock/{pid}/{bid},BranchDemandController,getWarehouseStock,,3,finance.branch-demand,yes,,
orphan,admin.branch-demands.outstanding,admin/branch-demands/outstanding,BranchDemandController,getOutstanding,,3,finance.branch-demand,yes,,
orphan,admin.branch-demands.ledger-history,admin/branch-demands/ledger-history,BranchDemandController,getLedgerHistory,,3,finance.branch-demand,yes,,
orphan,admin.branch-demands.settlement-preview,admin/branch-demands/settlement-preview,BranchDemandController,previewSettlement,,3,finance.branch-demand,yes,,
orphan,admin.branch-demands.repricing-history,admin/branch-demands/{id}/repricing-history,BranchDemandController,getRepricingHistory,,3,finance.branch-demand,yes,,
orphan,admin.branch-demands.weekly-report.export,admin/branch-demands/weekly-report/export,BranchDemandReportController,exportCsv,,3,finance.branch-demand-weekly-report-drill-down,yes,,
orphan,admin.damages.product-stock,admin/damages/product-stock,DamageController,getProductStock,,3,inventory.damages,yes,,
orphan,admin.damages.products.search,admin/damages/products/search,DamageController,searchProducts,,3,inventory.damages,yes,,
orphan,admin.damages.export,admin/damages/export,DamageController,export,,3,inventory.damages,yes,,
orphan,admin.damages.create,admin/damages/create,DamageController,create,,3,inventory.damages,yes,,
orphan,admin.purchase-orders.search-products,admin/purchase-orders/search-products,PurchaseOrderController,searchProducts,,3,purchasing.purchase-orders,yes,,
orphan,admin.purchase-orders.export,admin/purchase-orders/export,PurchaseOrderController,export,,3,purchasing.purchase-orders,yes,,
orphan,admin.purchase-receives.po-details,admin/purchase-receives/po-details,PurchaseReceiveController,getPoDetails,,3,purchasing.purchase-receives,yes,,
orphan,admin.purchase-receives.export,admin/purchase-receives/export,PurchaseReceiveController,export,,3,purchasing.purchase-receives,yes,,
orphan,admin.purchase-receives.create,admin/purchase-receives/create,PurchaseReceiveController,create,,3,purchasing.purchase-receives,yes,,
orphan,admin.purchase-returns.receive-details,admin/purchase-returns/receive-details,PurchaseReturnController,getReceiveDetails,,3,purchasing.purchase-returns,yes,,
orphan,admin.purchase-returns.search-receives,admin/purchase-returns/search-receives,PurchaseReturnController,searchReceives,,3,purchasing.purchase-returns,yes,,
orphan,admin.purchase-returns.summary,admin/purchase-returns/summary,PurchaseReturnController,summary,,3,purchasing.purchase-returns,yes,,
orphan,admin.purchase-returns.export,admin/purchase-returns/export,PurchaseReturnController,export,,3,purchasing.purchase-returns,yes,,
orphan,admin.purchase-returns.create,admin/purchase-returns/create,PurchaseReturnController,create,,3,purchasing.purchase-returns,yes,,
orphan,admin.purchase-audit.run,admin/purchase-audit/run,PurchaseAuditController,runChecks,,3,purchasing.purchase-audit,yes,,
orphan,admin.sales.cart.availability,admin/sales/cart/availability,SalesCartController,checkAvailability,,3,sales.cart,yes,,
orphan,admin.sales.cart.list-drafts,admin/sales/cart/list-drafts,SalesCartController,listDrafts,,3,sales.cart,yes,,
orphan,admin.sales.cart.customer-details,admin/sales/cart/customer-details,SalesCartController,customerDetails,,3,sales.cart,yes,,
orphan,admin.sales.cart.search-customer,admin/sales/cart/search-customer,SalesCartController,searchCustomer,,3,sales.cart,yes,,
orphan,admin.sales.cart.search-product,admin/sales/cart/search-product,SalesCartController,searchProduct,,3,sales.cart,yes,,
orphan,admin.sales.cart.product-by-code,admin/sales/cart/product-by-code,SalesCartController,productByCode,,3,sales.cart,yes,,
orphan,admin.sales.cart-data,admin/sales/cart-data,SalesInvoiceController,getCartData,,3,sales.invoices,yes,,
orphan,admin.sales.credit-check,admin/sales/credit-check,SalesInvoiceController,checkCreditLimit,,3,sales.invoices,yes,,
orphan,admin.sales-invoices.datatable,admin/sales-invoices/datatable,SalesInvoiceController,datatable,,3,sales.invoices,yes,,
orphan,admin.sales-invoices.summary,admin/sales-invoices/summary,SalesInvoiceController,summary,,3,sales.invoices,yes,,
orphan,admin.sales-invoices.edit,admin/sales-invoices/{id}/edit,SalesInvoiceController,edit,,3,sales.invoices,yes,,
orphan,admin.sales-invoices.branch-dispatchers,admin/sales-invoices/branch-dispatchers,SalesInvoiceController,getBranchDispatchers,,3,sales.invoices,yes,,
orphan,admin.sales-challans.dispatchers,admin/sales-challans/dispatchers,SalesChallanController,dispatchers,,3,sales.challans,yes,,
orphan,admin.customer-payments.outstanding-invoices,admin/customer-payments/outstanding-invoices,CustomerPaymentController,getOutstandingInvoices,,3,sales.customer-payments,yes,,
orphan,admin.customer-payments.get-customer-due,admin/customer-payments/get-customer-due,CustomerPaymentController,getCustomerDue,,3,sales.customer-payments,yes,,
orphan,admin.customer-payments.show,admin/customer-payments/{id},CustomerPaymentController,show,,3,sales.customer-payments,yes,,
orphan,admin.supplier-transactions.search,admin/supplier-transactions/search,SupplierTransactionController,searchSupplier,,3,accounting.supplier-transactions,yes,,
orphan,admin.employee-transactions.search,admin/employee-transactions/search,EmployeeTransactionController,searchEmployee,,3,accounting.employee-transactions,yes,,
orphan,admin.sales-returns.invoice-details,admin/sales-returns/invoice-details,SalesReturnController,getInvoiceDetails,,3,sales.returns,yes,,
orphan,admin.sales-returns.search-invoices,admin/sales-returns/search-invoices,SalesReturnController,searchInvoices,,3,sales.returns,yes,,
orphan,admin.sales-returns.summary,admin/sales-returns/summary,SalesReturnController,summary,,3,sales.returns,yes,,
orphan,admin.sales-returns.export,admin/sales-returns/export,SalesReturnController,export,,3,sales.returns,yes,,
orphan,admin.sales-returns.create,admin/sales-returns/create,SalesReturnController,create,,3,sales.returns,yes,,
orphan,admin.notifications.unreadCount,admin/notifications/unread-count,NotificationController,unreadCount,,3,system.notifications-inbox,yes,,
orphan,admin.notifications.recent,admin/notifications/recent,NotificationController,recent,,3,system.notifications-inbox,yes,,
orphan,admin.audit.export,admin/audit/export,GlobalAuditController,export,,3,system.audit,yes,,
orphan,admin.budgets.export-csv,admin/budgets/export-csv,BudgetController,exportCsv,,3,finance.budgets,yes,,
orphan,admin.budgets.create,admin/budgets/create,BudgetController,create,,3,finance.budgets,yes,,
orphan,admin.budgets.show,admin/budgets/{budget},BudgetController,show,,3,finance.budgets,yes,,
orphan,admin.budgets.edit,admin/budgets/{budget}/edit,BudgetController,edit,,3,finance.budgets,yes,,
orphan,admin.dimensions.create,admin/dimensions/create,DimensionController,create,,3,finance.dimensions,yes,,
orphan,admin.dimensions.show,admin/dimensions/{dimension},DimensionController,show,,3,finance.dimensions,yes,,
orphan,admin.dimensions.edit,admin/dimensions/{dimension}/edit,DimensionController,edit,,3,finance.dimensions,yes,,
orphan,admin.fiscal-years.create,admin/fiscal-years/create,FiscalYearController,create,,3,finance.fiscal-years,yes,,
orphan,admin.fiscal-years.show,admin/fiscal-years/{fiscalYear},FiscalYearController,show,,3,finance.fiscal-years,yes,,
orphan,admin.fixed-assets.create,admin/fixed-assets/create,FixedAssetController,create,,3,finance.fixed-assets,yes,,
orphan,admin.fixed-assets.show,admin/fixed-assets/{fixedAsset},FixedAssetController,show,,3,finance.fixed-assets,yes,,
orphan,admin.fixed-assets.edit,admin/fixed-assets/{fixedAsset}/edit,FixedAssetController,edit,,3,finance.fixed-assets,yes,,
orphan,admin.fixed-assets.dispose-form,admin/fixed-assets/{fixedAsset}/dispose,FixedAssetController,showDisposalForm,,3,finance.fixed-assets,yes,,
